{"cameraMode":{"drawMode":0,"name":"Shaded","section":"Shading Mode"},"sceneLighting":true,"audioPlay":false,"sceneViewState":{"showFog":true,"showMaterialUpdate":false,"showSkybox":true,"showFlares":true,"showImageEffects":true,"showParticleSystems":true,"showVisualEffectGraphs":true,"m_FxEnabled":true},"in2DMode":false,"pivot":{"x":392.7536926269531,"y":204.19366455078126,"z":0.72747802734375},"rotation":{"x":-0.05576704442501068,"y":-0.021867401897907258,"z":0.0012217166367918254,"w":-0.9982032775878906},"size":194.3756561279297,"orthographic":false}